"x1i10hfl href","x5yr21d src","x1lliihq"
"https://www.instagram.com/wearishtar/p/DVnRORPgSBi/","https://scontent-del3-1.cdninstagram.com/v/t51.82787-15/649227160_17877488631521109_8766951610737364970_n.jpg?stp=dst-jpg_e35_tt6&_nc_cat=100&ig_cache_key=Mzg0ODExODcwNDU0NjA2OTE5Mg%3D%3D.3-ccb7-5&ccb=7-5&_nc_sid=58cdad&efg=eyJ2ZW5jb2RlX3RhZyI6InhwaWRzLjEyOTB4MTcyMC5zZHIuQzMifQ%3D%3D&_nc_ohc=wfMP0DdrUmkQ7kNvwHP1lhT&_nc_oc=Adn7twt-e0RbpRAxK_zABWoAriaEMikwS9Od6dSqMYkXZDg1xbsBATftk1zgrWGT-2MhtFdP0KgoYFNxv87IoyC6&_nc_ad=z-m&_nc_cid=0&_nc_zt=23&_nc_ht=scontent-del3-1.cdninstagram.com&_nc_gid=jRmR3auI5whgLP-4Q3gA5A&_nc_ss=8&oh=00_AfzB44Hr38Tjl0VaP7n7wcHpcgVyfZFGAc4wwxHX04NjXQ&oe=69B4D4D3","Carousel"
"https://www.instagram.com/wearishtar/reel/DVWXaSVARiN/","https://scontent-del3-2.cdninstagram.com/v/t51.71878-15/643595272_770317036141926_6587165298303518668_n.jpg?stp=dst-jpg_e15_tt6&_nc_cat=110&ig_cache_key=Mzg0MzM2MjI5MzQ2MzE5Mzc0MQ%3D%3D.3-ccb7-5&ccb=7-5&_nc_sid=58cdad&efg=eyJ2ZW5jb2RlX3RhZyI6InhwaWRzLjY0MHgxMTM2LnNkci5DMyJ9&_nc_ohc=1yEieIjtYUwQ7kNvwEvC8bO&_nc_oc=AdkNjM7YsxOaI3gpksHE2PfluMOjd-l-w2zdqKFxaxWNDKHoxIuxioyJLMbeBeod6XjfwZJNj9ONUmbF3wvbLwKu&_nc_ad=z-m&_nc_cid=0&_nc_zt=23&_nc_ht=scontent-del3-2.cdninstagram.com&_nc_gid=jRmR3auI5whgLP-4Q3gA5A&_nc_ss=8&oh=00_Afwcoy6fECUy3iY7CB9r_9g3T6q6eCCDNnmPVYtn2KpUjQ&oe=69B4D8C3","Clip"
"https://www.instagram.com/wearishtar/p/DVQVWBsgRAP/","https://scontent-del2-3.cdninstagram.com/v/t51.82787-15/640597520_17876089299521109_5432856510822233387_n.jpg?stp=dst-jpg_e35_tt6&_nc_cat=103&ig_cache_key=Mzg0MTY2MzMwNDU1MjU0NDk0Mg%3D%3D.3-ccb7-5&ccb=7-5&_nc_sid=58cdad&efg=eyJ2ZW5jb2RlX3RhZyI6InhwaWRzLjEyNDJ4MTY1Ni5zZHIuQzMifQ%3D%3D&_nc_ohc=ZCsS1kwoRdUQ7kNvwHSSFio&_nc_oc=Adkkkc3PXv1pfqNJIaOyc1k15PJdLdTJqkDRxItelWN39JzyciShhJEZ5nEuYRE0oo96mn4aAaJ3mtCe_etAjnh_&_nc_ad=z-m&_nc_cid=0&_nc_zt=23&_nc_ht=scontent-del2-3.cdninstagram.com&_nc_gid=jRmR3auI5whgLP-4Q3gA5A&_nc_ss=8&oh=00_AfwYlzIpnfIgOdDIVXC7bkOhai7q8pzaulQU83MU10E6FQ&oe=69B4E561","Carousel"
"https://www.instagram.com/wearishtar/reel/DVN5bhdEiSX/","https://scontent-del2-1.cdninstagram.com/v/t51.82787-15/640308725_17876079108521109_1821992448126934407_n.jpg?stp=dst-jpg_e15_tt6&_nc_cat=111&ig_cache_key=Mzg0MDk3ODYzNzIxNTExNDM5MTE3ODc2MDc5MTA1NTIxMTA5.3-ccb7-5&ccb=7-5&_nc_sid=58cdad&efg=eyJ2ZW5jb2RlX3RhZyI6InhwaWRzLjcyMHgxMjgwLnNkci5DMyJ9&_nc_ohc=pq1pjttp8KEQ7kNvwEdxIuW&_nc_oc=Admapsmnz22X-Ia1lNOQIEnykyrtYHLwUz3qJyuqq1E4kg998mqd_fmm3taxxjtwEvoIQIiNnSlzD2ZcQGyh-mjd&_nc_ad=z-m&_nc_cid=0&_nc_zt=23&_nc_ht=scontent-del2-1.cdninstagram.com&_nc_gid=jRmR3auI5whgLP-4Q3gA5A&_nc_ss=8&oh=00_Afznjvsl6r7ZtBN5ermDpqwarV5QXnicQioFk-3B8d0daA&oe=69B4DECD","Clip"
"https://www.instagram.com/wearishtar/p/DVJG4WmAS1H/","https://scontent-del2-3.cdninstagram.com/v/t51.82787-15/641219777_17875705071521109_5329737078710567995_n.jpg?stp=dst-jpg_e35_tt6&_nc_cat=101&ig_cache_key=MzgzOTYyOTQ2NTExODQyMDYyMw%3D%3D.3-ccb7-5&ccb=7-5&_nc_sid=58cdad&efg=eyJ2ZW5jb2RlX3RhZyI6InhwaWRzLjEyNDJ4MTY1Ni5zZHIuQzMifQ%3D%3D&_nc_ohc=AdezJb1C0d4Q7kNvwEvTUPK&_nc_oc=AdmopCDnEru7fMLM9buT_gatfT_zMZhDmybG4dDKepOX9tbKEjnw3T6igOfXkq5xU4-BiKKK6YmI5Xekpc0eKqkn&_nc_ad=z-m&_nc_cid=0&_nc_zt=23&_nc_ht=scontent-del2-3.cdninstagram.com&_nc_gid=jRmR3auI5whgLP-4Q3gA5A&_nc_ss=8&oh=00_AfxL4TpYnoFHLwCPAJUppn2xVNlb3LthLm6tUxlOMEMLUg&oe=69B4EE4E","Carousel"
"https://www.instagram.com/wearishtar/p/DVFuaOVgVGG/","https://scontent-del3-2.cdninstagram.com/v/t51.82787-15/640943673_17875529874521109_8177843857334028484_n.jpg?stp=dst-jpg_e35_tt6&_nc_cat=107&ig_cache_key=MzgzODY3ODI2ODgxOTY0MTI5MA%3D%3D.3-ccb7-5&ccb=7-5&_nc_sid=58cdad&efg=eyJ2ZW5jb2RlX3RhZyI6InhwaWRzLjEyNDJ4MTY1Ni5zZHIuQzMifQ%3D%3D&_nc_ohc=cYN-wPulXxcQ7kNvwEx6oot&_nc_oc=AdmQisMZbgexM_0RoTzWdafDy_ERuvQzflejC_jjJp8FHZsVQrgelEkuc0HQXHMxOdb2wB_b1UXT1_xEdZbgLNN8&_nc_ad=z-m&_nc_cid=0&_nc_zt=23&_nc_ht=scontent-del3-2.cdninstagram.com&_nc_gid=jRmR3auI5whgLP-4Q3gA5A&_nc_ss=8&oh=00_AfwG9hJRjwpJbSREPqUdWBASIzh1Ajid_mLyw35Qt-hcDQ&oe=69B4DBF7","Carousel"
"https://www.instagram.com/wearishtar/p/DUNRm1lgTN9/","https://scontent-del2-3.cdninstagram.com/v/t51.82787-15/625022856_17872633704521109_8520824014679723009_n.jpg?stp=dst-jpg_e15_tt6&_nc_cat=101&ig_cache_key=MzgyMjc4ODE2NDQ0ODI1NDk5OA%3D%3D.3-ccb7-5&ccb=7-5&_nc_sid=58cdad&efg=eyJ2ZW5jb2RlX3RhZyI6InhwaWRzLjcyMHg5NjAuc2RyLkMzIn0%3D&_nc_ohc=NfwvAm0UEDAQ7kNvwEwR3DF&_nc_oc=AdkNvp22gV2mbV_vcit6Xwry8t3c809UkmYRz_xSukGSMLINKNOYK-WsSB3XQzLjAnjhSHGpRUxAw8YJPFsk10jx&_nc_ad=z-m&_nc_cid=0&_nc_zt=23&_nc_ht=scontent-del2-3.cdninstagram.com&_nc_gid=jRmR3auI5whgLP-4Q3gA5A&_nc_ss=8&oh=00_Afxo3kGhfVqRP48WM3ck10iKLjtOvM3_YYoDXCGCIFx2nA&oe=69B4BA65","Carousel"
"https://www.instagram.com/wearishtar/p/DUAy4CmgRrT/","https://scontent-del3-1.cdninstagram.com/v/t51.82787-15/622600264_17871983334521109_5283109003201996981_n.jpg?stp=dst-jpg_e35_tt6&_nc_cat=102&ig_cache_key=MzgxOTI3NjIzNzQxOTkxMTg5MQ%3D%3D.3-ccb7-5&ccb=7-5&_nc_sid=58cdad&efg=eyJ2ZW5jb2RlX3RhZyI6InhwaWRzLjEwMjR4MTAyNC5zZHIuQzMifQ%3D%3D&_nc_ohc=aA191rM_ivUQ7kNvwHqKvx1&_nc_oc=AdndFwEI3EtUtddNivN6yd0mtv9zT4aE8YrNm78y7tWV7hdqSEH_InzE_muKCTgzU14yAOTPU5t_EuV9bJtAbr46&_nc_ad=z-m&_nc_cid=0&_nc_zt=23&_nc_ht=scontent-del3-1.cdninstagram.com&_nc_gid=jRmR3auI5whgLP-4Q3gA5A&_nc_ss=8&oh=00_AfxNe833pHWGWz6yRMUGIxBIWZKay1U3nwQW2viTBXolRg&oe=69B4CA41",""
"https://www.instagram.com/wearishtar/p/DTxxItZge1e/","https://scontent-del3-1.cdninstagram.com/v/t51.82787-15/619217735_17871202761521109_3330274341814385011_n.jpg?stp=dst-jpg_e35_tt6&_nc_cat=104&ig_cache_key=MzgxNTA0NjQzODgwMzU5MzgwOA%3D%3D.3-ccb7-5&ccb=7-5&_nc_sid=58cdad&efg=eyJ2ZW5jb2RlX3RhZyI6InhwaWRzLjEyNDJ4MTY1Ni5zZHIuQzMifQ%3D%3D&_nc_ohc=XpdHuOt0m7cQ7kNvwFmFwRO&_nc_oc=Adm9cHPtrNf4pwe07-vjY7zyoHOEgZORa5Gy-uz6TOT7Nf6aiFEN9P6f_yWI2-TpKw4UjXBPreF7TU6bSfIRnQ4f&_nc_ad=z-m&_nc_cid=0&_nc_zt=23&_nc_ht=scontent-del3-1.cdninstagram.com&_nc_gid=jRmR3auI5whgLP-4Q3gA5A&_nc_ss=8&oh=00_AfwtR6TBien9l2efmiK71w8OblHkJyFDeiM0z3HrhPM1OQ&oe=69B4D6D0","Carousel"
"https://www.instagram.com/wearishtar/p/DTYLsmBAQRh/","https://scontent-del3-2.cdninstagram.com/v/t51.82787-15/612512121_17869973877521109_6529845545147046820_n.jpg?stp=dst-jpegr_e35_tt6&_nc_cat=107&ig_cache_key=MzgwNzg0NDkwOTA4MDIyNTc1NQ%3D%3D.3-ccb7-5&ccb=7-5&_nc_sid=58cdad&efg=eyJ2ZW5jb2RlX3RhZyI6InhwaWRzLjE0NDB4MTkyMC5oZHIuQzMifQ%3D%3D&_nc_ohc=LIeb48NU4b8Q7kNvwHx5wn6&_nc_oc=AdmiFUbbIkrS9xdajm3uYnTwQS9kUgASwbbXdVJ-uZPlmn-9dcwHlpyGHNhi43Ct2Pd7Rhs-IRQLPoCudIIEjOg8&_nc_ad=z-m&_nc_cid=0&_nc_zt=23&_nc_ht=scontent-del3-2.cdninstagram.com&_nc_gid=jRmR3auI5whgLP-4Q3gA5A&_nc_ss=8&oh=00_Afzfhtr5DYktqLRNBNoCz89vfQUtBD8yXQSon1YC0nt2Wg&oe=69B4C429","Carousel"
"https://www.instagram.com/wearishtar/p/DSshB5xgYaO/","https://scontent-del3-1.cdninstagram.com/v/t51.82787-15/604316102_17867832015521109_3341085063137669196_n.jpg?stp=dst-jpg_e35_tt6&_nc_cat=102&ig_cache_key=Mzc5NTU1MzgzNjE5MDQ5OTM2MA%3D%3D.3-ccb7-5&ccb=7-5&_nc_sid=58cdad&efg=eyJ2ZW5jb2RlX3RhZyI6InhwaWRzLjEyNDJ4MTY1Ni5zZHIuQzMifQ%3D%3D&_nc_ohc=0V9BEGGhO7AQ7kNvwGciMlR&_nc_oc=AdlOWVs4IQzKUEsPdveG01xt8f_Y0DpWMnwUqCXhIqvfQOQrcdBY9nO0vg0ZBzp_s80-nc3okxG9HvlIPTDYeBi7&_nc_ad=z-m&_nc_cid=0&_nc_zt=23&_nc_ht=scontent-del3-1.cdninstagram.com&_nc_gid=jRmR3auI5whgLP-4Q3gA5A&_nc_ss=8&oh=00_Afx4oKls3H1SJLE7FThEmlOmXNLydsJrlcIjLjky_n7lEQ&oe=69B4EE16","Carousel"
"https://www.instagram.com/wearishtar/reel/DSpujN4ARdz/","https://scontent-del3-1.cdninstagram.com/v/t51.82787-15/590396229_17867637318521109_5082637531524677245_n.jpg?stp=dst-jpg_e15_tt6&_nc_cat=106&ig_cache_key=Mzc5NDc2ODg5MTI1NTc4OTQyNzE3ODY3NjM3MzE1NTIxMTA5.3-ccb7-5&ccb=7-5&_nc_sid=58cdad&efg=eyJ2ZW5jb2RlX3RhZyI6InhwaWRzLjEyNDJ4MjIwOC5zZHIuQzMifQ%3D%3D&_nc_ohc=BMMlzxw9vgQQ7kNvwGZIQ4t&_nc_oc=AdkUDE2NwUX1Jj8ionvk-KwDfhdMk4jZZjDjJ2Oh7OQV4aotZx_vR816j5if_Q722NGYlcKgglXbtwpng-4rSfzR&_nc_ad=z-m&_nc_cid=0&_nc_zt=23&_nc_ht=scontent-del3-1.cdninstagram.com&_nc_gid=jRmR3auI5whgLP-4Q3gA5A&_nc_ss=8&oh=00_AfwrUyitwVs9tRXkAXrAI_CQ5rzmjMIrUsBPkWIP5EarMw&oe=69B4DD23","Clip"
"https://www.instagram.com/wearishtar/p/DSfXbftAYDM/","https://scontent-del2-3.cdninstagram.com/v/t51.82787-15/602879961_17867137902521109_5007432171578188374_n.jpg?stp=dst-jpg_e35_tt6&_nc_cat=103&ig_cache_key=Mzc5MTcyNjYyMDM0NDE4NjEzNQ%3D%3D.3-ccb7-5&ccb=7-5&_nc_sid=58cdad&efg=eyJ2ZW5jb2RlX3RhZyI6InhwaWRzLjEyNDJ4MTY0OS5zZHIuQzMifQ%3D%3D&_nc_ohc=vxSF8V11YcoQ7kNvwFhShD0&_nc_oc=Adl5XX50pnQGsSWady8_0xpqs9PQyDJqtktFVCClHakZnvOmE36h3J_u8vm8Hyhluczm692Vb2unQXDrzBiIqjLY&_nc_ad=z-m&_nc_cid=0&_nc_zt=23&_nc_ht=scontent-del2-3.cdninstagram.com&_nc_gid=35Bgtdo2CR2cazK8Jwg_Lw&_nc_ss=8&oh=00_AfxDb9X0XMGQOW2JOvYtGGiLiBBUE9gnO9W11jOwdNm5mg&oe=69B4DACF","Carousel"
"https://www.instagram.com/wearishtar/p/DOl2WZ7gYfW/","https://scontent-del2-3.cdninstagram.com/v/t51.82787-15/548511832_17855991849521109_2503206549695095344_n.jpg?stp=dst-jpg_e35_tt6&_nc_cat=101&ig_cache_key=MzcyMTYxOTcwMTI3MzU2MTA0Ng%3D%3D.3-ccb7-5&ccb=7-5&_nc_sid=58cdad&efg=eyJ2ZW5jb2RlX3RhZyI6InhwaWRzLjEwODF4MTM1Mi5zZHIuQzMifQ%3D%3D&_nc_ohc=FJUBG4ngNwIQ7kNvwF84nEx&_nc_oc=Adm5Nh5d9RwK-mkSHwPQNrpgpI_lSZGnu4csRf5NChAe4p8jKdtti9RJo_KsIbMuY3OsbCS45vhzR9K56VFNiQQb&_nc_ad=z-m&_nc_cid=0&_nc_zt=23&_nc_ht=scontent-del2-3.cdninstagram.com&_nc_gid=35Bgtdo2CR2cazK8Jwg_Lw&_nc_ss=8&oh=00_AfzF2cgti4vxxq4lnQnM2zdhv-UwQM5SB18ujVY7QgLYkA&oe=69B4BA79",""
"https://www.instagram.com/wearishtar/p/DOJExksAZOx/","https://scontent-del3-1.cdninstagram.com/v/t51.82787-15/542451832_17854570599521109_808044000452188865_n.jpg?stp=dst-jpg_e35_tt6&_nc_cat=100&ig_cache_key=MzcxMzUyMDM1MzgwOTYxNTMzNg%3D%3D.3-ccb7-5&ccb=7-5&_nc_sid=58cdad&efg=eyJ2ZW5jb2RlX3RhZyI6InhwaWRzLjEyOTB4MTcyMC5zZHIuQzMifQ%3D%3D&_nc_ohc=bKKYaC6xowMQ7kNvwF2JDLR&_nc_oc=AdlIuQAdCzjmHtm0e2LdYhDDgHL0eJ5oaxyyZ5srTCaoHwg4YMUwFq9oORf_RJ3DJWnJ2pbBlp0cxzUC7KwTCwK7&_nc_ad=z-m&_nc_cid=0&_nc_zt=23&_nc_ht=scontent-del3-1.cdninstagram.com&_nc_gid=35Bgtdo2CR2cazK8Jwg_Lw&_nc_ss=8&oh=00_Afz9_tecEgN-7baqA_4nAbKXvn9cPBtg5CTRH23lEoqCdg&oe=69B4BB14","Carousel"
"https://www.instagram.com/wearishtar/p/DN7lVf2gcoq/","https://scontent-del3-1.cdninstagram.com/v/t51.82787-15/540182313_17853877428521109_4717900579796715457_n.jpg?stp=dst-jpg_e35_tt6&_nc_cat=106&ig_cache_key=MzcwOTcyMjkwODc5NzUyNTQ5OQ%3D%3D.3-ccb7-5&ccb=7-5&_nc_sid=58cdad&efg=eyJ2ZW5jb2RlX3RhZyI6InhwaWRzLjEyOTB4MTcyMC5zZHIuQzMifQ%3D%3D&_nc_ohc=L1v5KWo4KUEQ7kNvwF-DS5u&_nc_oc=Adn9ctJ1VURgn5dl1pVbPl3-Q6YhkfEkUbW-YniwuPu7L69LZ5t3FMY9osJu1WeTPYDBOIkS0swUh5Rwfb0T-96f&_nc_ad=z-m&_nc_cid=0&_nc_zt=23&_nc_ht=scontent-del3-1.cdninstagram.com&_nc_gid=35Bgtdo2CR2cazK8Jwg_Lw&_nc_ss=8&oh=00_AfyHQCgtowM2UbsMjqL4APx5xl2kYM8h7GIpVVQTRSmwRw&oe=69B4BE4B","Carousel"
"https://www.instagram.com/wearishtar/p/DNn4lUWBVG0/","https://scontent-del3-2.cdninstagram.com/v/t51.82787-15/536968538_17852845218521109_4325117914618109015_n.jpg?stp=dst-jpg_e35_tt6&_nc_cat=109&ig_cache_key=MzcwNDE3ODA2NTQwMDk5Nzk2Nw%3D%3D.3-ccb7-5&ccb=7-5&_nc_sid=58cdad&efg=eyJ2ZW5jb2RlX3RhZyI6InhwaWRzLjEyOTB4MTcyMC5zZHIuQzMifQ%3D%3D&_nc_ohc=WyR0skcXhU4Q7kNvwGhicRp&_nc_oc=AdktgtIXwTc2rc_EzHvQylnx_YkP2TbdnA7Xqi-cglmPPVvw3l9Kra9jUcjfItAtSp_cAbayOhAaVxTV0cDeoH84&_nc_ad=z-m&_nc_cid=0&_nc_zt=23&_nc_ht=scontent-del3-2.cdninstagram.com&_nc_gid=35Bgtdo2CR2cazK8Jwg_Lw&_nc_ss=8&oh=00_Afwevo_-SFCeByts8sZvmK2KsqUTbzW-MpINw7k31RfHnQ&oe=69B4E2BE","Carousel"
"https://www.instagram.com/wearishtar/p/DNBVP4_KVcT/","https://scontent-del2-2.cdninstagram.com/v/t51.82787-15/527609658_17850760887521109_8288185672624755510_n.jpg?stp=dst-jpg_e35_tt6&_nc_cat=105&ig_cache_key=MzY5MzMyNjYyMDM3ODYxNzYxOQ%3D%3D.3-ccb7-5&ccb=7-5&_nc_sid=58cdad&efg=eyJ2ZW5jb2RlX3RhZyI6InhwaWRzLjE0NDB4MTkyMC5zZHIuQzMifQ%3D%3D&_nc_ohc=Rgj4XcVQBzIQ7kNvwEJ2oO-&_nc_oc=Adk3vP7bCaOiGgM8vR-MnmkD5p8HrKCg2pkM3_ktPpT07sMnr8cUEdMLQWnejzr7cFRVsKbHDCFwLL0D0mPglKpV&_nc_ad=z-m&_nc_cid=0&_nc_zt=23&_nc_ht=scontent-del2-2.cdninstagram.com&_nc_gid=35Bgtdo2CR2cazK8Jwg_Lw&_nc_ss=8&oh=00_Afz3y6SOfKpqGMbCYwfXKR5HmQOwSSV5G1IXx8Ay3l0Vrw&oe=69B4EF50",""
"https://www.instagram.com/wearishtar/p/DM2HhQFhqny/","https://scontent-del3-1.cdninstagram.com/v/t51.82787-15/527454881_17850140673521109_2414813804596333191_n.jpg?stp=dst-jpg_e35_tt6&_nc_cat=104&ig_cache_key=MzY5MDE3MDAwNzQyNzQ5MTkwNA%3D%3D.3-ccb7-5&ccb=7-5&_nc_sid=58cdad&efg=eyJ2ZW5jb2RlX3RhZyI6InhwaWRzLjEyOTB4MTcyMC5zZHIuQzMifQ%3D%3D&_nc_ohc=DaFs2OX-aEUQ7kNvwFZ_74b&_nc_oc=AdlA2TN9n1EyWBEeY2kcYM5stoXzlCQxzSg8eMjG4tq38JppW58TR03n8ticoO4KSq4L6WQLe2HiSH_nGakT6j-g&_nc_ad=z-m&_nc_cid=0&_nc_zt=23&_nc_ht=scontent-del3-1.cdninstagram.com&_nc_gid=35Bgtdo2CR2cazK8Jwg_Lw&_nc_ss=8&oh=00_AfwPvq7Mxud722ZSB1qaQcGHXnmcq8VazDZ3XbvGXAD2Gg&oe=69B4C018","Carousel"
"https://www.instagram.com/wearishtar/p/DMx0evBhay2/","https://scontent-del3-2.cdninstagram.com/v/t51.82787-15/526491689_17849908851521109_3370507023382912349_n.jpg?stp=dst-jpg_e35_tt6&_nc_cat=107&ig_cache_key=MzY4ODk2MDM4MDI4NzQyOTgxNA%3D%3D.3-ccb7-5&ccb=7-5&_nc_sid=58cdad&efg=eyJ2ZW5jb2RlX3RhZyI6InhwaWRzLjEwODB4MTA4MC5zZHIuQzMifQ%3D%3D&_nc_ohc=WVKUACwBoe0Q7kNvwGmgGtb&_nc_oc=AdlM-472izhXpevcmArr27ksnb1rcSHXbUXBvr76jG7uJTv7sz8yuAL4JIpjgW2nt0nImU1CysbqfVArVqmQ2tMX&_nc_ad=z-m&_nc_cid=0&_nc_zt=23&_nc_ht=scontent-del3-2.cdninstagram.com&_nc_gid=35Bgtdo2CR2cazK8Jwg_Lw&_nc_ss=8&oh=00_AfxuBa1OqksG5oUv928KqakZi1Wdcwe4a487t3YGeuawEA&oe=69B4BC04",""
"https://www.instagram.com/wearishtar/p/DMsrF5uhS7n/","https://scontent-del3-2.cdninstagram.com/v/t51.82787-15/526055165_17849631516521109_8176688348505469698_n.jpg?stp=dst-jpg_e35_tt6&_nc_cat=110&ig_cache_key=MzY4NzUxMTcwNTA4MjM3MDY2Mg%3D%3D.3-ccb7-5&ccb=7-5&_nc_sid=58cdad&efg=eyJ2ZW5jb2RlX3RhZyI6InhwaWRzLjEyOTB4MTYxMi5zZHIuQzMifQ%3D%3D&_nc_ohc=1U6abJwTMNgQ7kNvwHBPhEy&_nc_oc=Adle59hKEjMj_QxR1O15YNDfyWA9X4U5asU8wAW6-wkk2xMDLlb1IUpK2pXdS8W0vPtvXhe5vE8nIrgphe8ahVlg&_nc_ad=z-m&_nc_cid=0&_nc_zt=23&_nc_ht=scontent-del3-2.cdninstagram.com&_nc_gid=35Bgtdo2CR2cazK8Jwg_Lw&_nc_ss=8&oh=00_AfzATbc9gOXMDdtHi9lUk0TJsqjAyEPTJfQFzPl09lymHg&oe=69B4BBBB","Carousel"
"https://www.instagram.com/wearishtar/reel/DMVqdJzh67f/","https://scontent-del2-3.cdninstagram.com/v/t51.82787-15/520721408_17848252662521109_5815423148813573064_n.jpg?stp=dst-jpg_e15_tt6&_nc_cat=103&ig_cache_key=MzY4MTAzNDk5MTc5MTc0Njc4Mw%3D%3D.3-ccb7-5&ccb=7-5&_nc_sid=58cdad&efg=eyJ2ZW5jb2RlX3RhZyI6InhwaWRzLjcyMHgxMjgwLnNkci5DMyJ9&_nc_ohc=9V1A_RdPMQ8Q7kNvwFTpEJt&_nc_oc=AdlrNYEPVjwdLyH92nCzJGa47o9xX1t3h94xeI_DEuoimo7IRZYFy4o181SJ7nIKOdyjIaHNxl0u9IVHwA6YORSV&_nc_ad=z-m&_nc_cid=0&_nc_zt=23&_nc_ht=scontent-del2-3.cdninstagram.com&_nc_gid=35Bgtdo2CR2cazK8Jwg_Lw&_nc_ss=8&oh=00_Afz4JW5Ez6nvnRRCeB2fdxmCnYeY5gNM4iHSRo-FccWBcw&oe=69B4D69C","Clip"
"https://www.instagram.com/wearishtar/p/DMP_eKOBefa/","https://scontent-del2-2.cdninstagram.com/v/t51.82787-15/520697419_17847747612521109_1172038212379442785_n.jpg?stp=dst-jpg_e35_tt6&_nc_cat=105&ig_cache_key=MzY3OTQzODU2MTgwMDk3NzU2Mg%3D%3D.3-ccb7-5&ccb=7-5&_nc_sid=58cdad&efg=eyJ2ZW5jb2RlX3RhZyI6InhwaWRzLjEyOTB4MTYxMi5zZHIuQzMifQ%3D%3D&_nc_ohc=ng5OEfbu9tUQ7kNvwG21tzk&_nc_oc=Adm0vuQC6m3lh4BdjEuKKjTzy4eoiOIQHMfa-py6FpNbZMQwX4hgkowQbNpZMRobg6spYNZcxDolawdri61ucLTd&_nc_ad=z-m&_nc_cid=0&_nc_zt=23&_nc_ht=scontent-del2-2.cdninstagram.com&_nc_gid=35Bgtdo2CR2cazK8Jwg_Lw&_nc_ss=8&oh=00_Afw1agyr_w6ZsBRvo5eZbN5Xx-mnCYJY0Q69Gvum4JbKaA&oe=69B4C70F","Carousel"
"https://www.instagram.com/wearishtar/p/DMDE9ADhuKm/","https://scontent-del3-1.cdninstagram.com/v/t51.82787-15/515458957_17846631177521109_8258851167937179416_n.jpg?stp=dst-jpg_e35_tt6&_nc_cat=102&ig_cache_key=MzY3NTgwMzQ5NjI4MTk3Mzg4MQ%3D%3D.3-ccb7-5&ccb=7-5&_nc_sid=58cdad&efg=eyJ2ZW5jb2RlX3RhZyI6InhwaWRzLjEyNTR4MTU2Ny5zZHIuQzMifQ%3D%3D&_nc_ohc=MvPAaqymuKgQ7kNvwFqqEbN&_nc_oc=AdnrO8VSsFS4-XCIdg9rA4wNLneTZKpfC4XHhP9ahVq_7SF75U-K3u2t96kqSeMc0D7mRLRsXvQmDe-4PCX1WZ67&_nc_ad=z-m&_nc_cid=0&_nc_zt=23&_nc_ht=scontent-del3-1.cdninstagram.com&_nc_gid=35Bgtdo2CR2cazK8Jwg_Lw&_nc_ss=8&oh=00_AfyBXDkhTAWeBEjeK1BeEJbzyMWzc1WyDoG0s0rLukOmbQ&oe=69B4C5D1","Carousel"
"https://www.instagram.com/wearishtar/p/DL-YoX6huG8/","https://scontent-del3-1.cdninstagram.com/v/t51.82787-15/517318651_17846243784521109_5806681379402029198_n.jpg?stp=dst-jpg_e35_tt6&_nc_cat=100&ig_cache_key=MzY3NDQ4MjY1OTQwMjQ5MDAyOA%3D%3D.3-ccb7-5&ccb=7-5&_nc_sid=58cdad&efg=eyJ2ZW5jb2RlX3RhZyI6InhwaWRzLjEyOTB4MTYxMi5zZHIuQzMifQ%3D%3D&_nc_ohc=pFqcLu5MSxgQ7kNvwGwKxfr&_nc_oc=Adn524aFOVmRIzDnXstDwYSiE8b5QpM-LMIxQr8GzSiIcLYX8idR915AV8ouHgpo1bmqO6zRQNaX8AtKu76tsheO&_nc_ad=z-m&_nc_cid=0&_nc_zt=23&_nc_ht=scontent-del3-1.cdninstagram.com&_nc_gid=sPdKDODOZxayStu3m9TDwQ&_nc_ss=8&oh=00_AfwLCQMX2e_kuanmcUfGFqNLgIxdnWDKtxWWl7EDqko_Yw&oe=69B4C272","Carousel"
"https://www.instagram.com/wearishtar/reel/DLxn4z5qzXo/","https://scontent-del3-1.cdninstagram.com/v/t51.82787-15/515893192_17845248663521109_4061443765004847717_n.jpg?stp=dst-jpg_e15_tt6&_nc_cat=102&ig_cache_key=MzY3MDg5MDU5OTExNjY0OTk2MA%3D%3D.3-ccb7-5&ccb=7-5&_nc_sid=58cdad&efg=eyJ2ZW5jb2RlX3RhZyI6InhwaWRzLjcyMHgxMjgwLnNkci5DMyJ9&_nc_ohc=EE0ejQYKmxYQ7kNvwEnNlBA&_nc_oc=AdknBqUIccSCXiznEd-S4zt6NvmQx4tGoqxkRnvApwOqQFMtySzjEddpSBKxHlYiui62aG-dY7BL1qRoG4iTw0L7&_nc_ad=z-m&_nc_cid=0&_nc_zt=23&_nc_ht=scontent-del3-1.cdninstagram.com&_nc_gid=sPdKDODOZxayStu3m9TDwQ&_nc_ss=8&oh=00_Afyt2aTkh50k7dWcCF6idaaRYyhM3fiWhqXXRykbaQAl_g&oe=69B4D111","Clip"